epoch,x,y,z,lat_deg,lon_deg,h_m,clock_bias_m,nsat,PDOP,HDOP,VDOP
1.0000000000,-2418236.2812543581,5385756.7296931576,2405769.9070007694,22.3056484228,114.1803592441,27.1027581533,842225.0149290906,24.0000000000,1.3033523622,0.6166604456,1.1482409481
2.0000000000,-2418236.3416885799,5385756.7961732978,2405770.0068245032,22.3056489641,114.1803595148,27.2196572702,842277.5563863578,24.0000000000,1.3033314727,0.6166502784,1.1482226970
3.0000000000,-2418236.3129793005,5385756.6631187918,2405769.9570372170,22.3056490044,114.1803597896,27.0775831966,842329.7491922220,24.0000000000,1.3033105166,0.6166401241,1.1482043634
4.0000000000,-2418236.2633404071,5385756.7359105041,2405769.9393990892,22.3056486992,114.1803590607,27.1135136057,842382.0357265068,24.0000000000,1.3032894642,0.6166299748,1.1481859177
5.0000000000,-2418236.1564889941,5385756.6615552120,2405769.8744350905,22.3056485389,114.1803584103,26.9856085293,842434.2142437536,24.0000000000,1.3032683394,0.6166198377,1.1481673834
6.0000000000,-2418236.1001102631,5385756.6004359899,2405769.8677181401,22.3056487530,114.1803581541,26.9101093234,842486.3324096096,24.0000000000,1.3032471281,0.6166097100,1.1481487458
7.0000000000,-2418236.1247046702,5385756.5768868020,2405769.9137879051,22.3056491771,114.1803584655,26.9170398088,842538.3726360757,24.0000000000,1.3032258281,0.6165995910,1.1481300029
8.0000000000,-2418258.5755820419,5385825.6999324095,2405814.5042673568,22.3057740676,114.1802824525,110.6889746636,842654.2076993043,25.0000000000,1.1981293818,0.6091653529,1.0317129389
9.0000000000,-2418258.6998188314,5385826.2089688983,2405814.8661428001,22.3057753249,114.1802815289,111.3030306464,842706.7063299168,25.0000000000,1.1981369660,0.6091531356,1.0317289599
10.0000000000,-2418258.9267828576,5385826.3968058443,2405814.9343392476,22.3057749887,114.1802827916,111.5734585533,842759.0306499517,25.0000000000,1.1981445158,0.6091409272,1.0317449353
11.0000000000,-2418259.3501113914,5385827.4920110796,2405815.8116976125,22.3057783000,114.1802821858,112.9912344273,842812.4166685491,25.0000000000,1.1981519525,0.6091287189,1.0317607790
12.0000000000,-2418238.7165573775,5385762.9903151300,2405774.2142837383,22.3056614146,114.1803559173,34.9444128582,842805.5019539046,25.0000000000,1.1981637236,0.6091174572,1.0317810968
13.0000000000,-2418235.8894006871,5385755.9752926631,2405770.6611587857,22.3056576326,114.1803587737,26.6037873225,842852.0373500474,24.0000000000,1.3030963042,0.6165390855,1.1480154765
14.0000000000,-2418236.9805342811,5385755.5636402955,2405770.2398809027,22.3056538682,114.1803700705,26.5099547282,842903.4143918806,24.0000000000,1.3030744264,0.6165290349,1.1479960409
15.0000000000,-2418241.4507657695,5385763.8573029917,2405776.0829117163,22.3056704771,114.1803766781,37.4215384563,842963.9216294941,25.0000000000,1.1981856675,0.6090809315,1.0318281411
16.0000000000,-2418241.7764383638,5385769.5655826619,2405778.2437832300,22.3056702249,114.1803568695,43.1828861441,843020.7290775921,25.0000000000,1.1981925865,0.6090686817,1.0318434064
17.0000000000,-2418239.2600720841,5385760.9655646048,2405771.6233428963,22.3056453357,114.1803687782,32.4581125509,843064.7855554690,25.0000000000,1.1982003668,0.6090566361,1.0318595510
18.0000000000,-2418236.6978502357,5385754.0314962724,2405767.8905228297,22.3056394273,114.1803736584,24.2180093555,843110.8474026020,24.0000000000,1.3029861950,0.6164889267,1.1479174306
19.0000000000,-2418234.2164974008,5385752.5472310372,2405766.0691528493,22.3056323347,114.1803575902,21.3336621262,843160.9679017744,24.0000000000,1.3029640743,0.6164789426,1.1478976837
20.0000000000,-2418234.7457223106,5385756.0984677505,2405768.0992592862,22.3056374489,114.1803481585,25.3019762831,843216.5691678886,25.0000000000,1.1982220446,0.6090203360,1.0319061481
21.0000000000,-2418234.3134690938,5385756.3928491762,2405767.1150218020,22.3056289121,114.1803431614,25.0130625619,843268.6774897097,25.0000000000,1.1982290387,0.6090082009,1.0319214313
22.0000000000,-2418233.9981970000,5385757.0937225539,2405767.0235077399,22.3056263987,114.1803375840,25.4503892465,843320.4674324599,25.0000000000,1.1982359468,0.6089960796,1.0319366062
23.0000000000,-2418233.4874624233,5385758.9842855465,2405767.4725884888,22.3056249563,114.1803255467,27.0229210462,843373.1993719448,25.0000000000,1.1982427380,0.6089839509,1.0319516493
24.0000000000,-2418233.0555005977,5385759.8192008873,2405767.6165089691,22.3056241546,114.1803184033,27.6185169173,843424.9786466630,25.0000000000,1.1982495342,0.6089718482,1.0319666827
25.0000000000,-2418235.2631419292,5385763.7416903414,2405768.8665785189,22.3056192345,114.1803223557,32.2401597379,843480.0051113126,24.0000000000,1.2536470647,0.6343448811,1.0813128754
26.0000000000,-2418236.1485684942,5385763.6729444321,2405768.3294260199,22.3056137185,114.1803304681,32.3138047690,843531.5341329452,25.0000000000,1.1982627627,0.6089475851,1.0319963601
27.0000000000,-2418235.2018966675,5385765.4144885316,2405768.0579420808,22.3056073339,114.1803151637,33.3218743913,843583.3152712885,25.0000000000,1.1982693690,0.6089354833,1.0320111715
28.0000000000,-2418236.9832860739,5385768.3425249569,2405769.3732048031,22.3056066664,114.1803192955,36.9674117928,843637.7696699530,25.0000000000,1.1982757838,0.6089233641,1.0320257703
29.0000000000,-2418236.7141620331,5385764.7291057864,2405766.1361933840,22.3055912980,114.1803312771,32.5871067634,843685.8001073858,24.0000000000,1.2202043390,0.6451186379,1.0357222465
30.0000000000,-2418240.0048399251,5385768.9946165923,2405769.0760941016,22.3055979030,114.1803434545,38.5500565283,843743.3880013911,24.0000000000,1.2202062558,0.6450977979,1.0357374850
31.0000000000,-2418239.8505650698,5385768.8248446761,2405767.5651005860,22.3055860264,114.1803427635,37.7748130141,843796.7399322252,25.0000000000,1.1982952679,0.6088871648,1.0320697503
32.0000000000,-2418239.6752718035,5385767.5753065748,2405765.2130820584,22.3055705288,114.1803461788,35.7610754864,843848.3774024064,25.0000000000,1.1983017754,0.6088751261,1.0320844082
33.0000000000,-2418238.3868388208,5385767.9411273617,2405765.2040150641,22.3055711181,114.1803333175,35.5781218112,843901.3970817729,24.0000000000,1.2199337339,0.6400951724,1.0385164829
34.0000000000,-2418240.0081445035,5385768.4013925148,2405763.8725113408,22.3055562782,114.1803458420,36.0756283021,843955.5143157210,22.0000000000,1.4275429287,0.7015003966,1.2432924060
35.0000000000,-2418244.0300165322,5385778.5658752499,2405771.7361218906,22.3055845487,114.1803410431,49.1631714487,844018.8701518119,24.0000000000,1.2199442343,0.6400682685,1.0385453993
36.0000000000,-2418242.8640468181,5385777.2729842151,2405772.1079065492,22.3055933344,114.1803358598,47.7712267190,844071.6604633798,22.0000000000,1.5209024377,0.7947152851,1.2967543486
37.0000000000,-2418249.3089115731,5385782.5108304536,2405772.2228417383,22.3055688689,114.1803720973,54.6779327290,844131.6425728853,23.0000000000,1.2926364958,0.6857347516,1.0957540603
38.0000000000,-2418246.3263043659,5385778.3184175976,2405771.3543491997,22.3055789089,114.1803623568,49.6796188308,844182.2021225126,24.0000000000,1.2199607111,0.6400282620,1.0385894090
39.0000000000,-2418249.6708681732,5385779.6968087219,2405771.6853191163,22.3055726686,114.1803864882,52.2360551162,844239.3724484679,24.0000000000,1.2199659595,0.6400148842,1.0386038178
40.0000000000,-2418252.4879331323,5385774.3552058861,2405767.8195399791,22.3055531178,114.1804326632,47.3280679323,844291.4203552669,25.0000000000,1.1983505167,0.6087789722,1.0321977154
41.0000000000,-2418250.4096082235,5385775.6613496803,2405768.2268679291,22.3055553547,114.1804090706,47.7974461028,844345.7409080893,24.0000000000,1.2534578078,0.6341913889,1.0811834988
42.0000000000,-2418245.2856977629,5385777.3724958869,2405768.8274935596,22.3055622162,114.1803569041,47.5278552603,844399.0094121000,24.0000000000,1.2199821137,0.6399751379,1.0386472840
43.0000000000,-2418242.2534048427,5385774.0921856584,2405766.7865568288,22.3055596785,114.1803430979,42.8355295677,844449.7144224985,24.0000000000,1.2199875765,0.6399619724,1.0386618125
44.0000000000,-2418242.0094251074,5385775.7460963605,2405765.8216489367,22.3055467880,114.1803343632,43.7727430891,844504.9030845055,23.0000000000,1.2290138393,0.6449235293,1.0462067953
45.0000000000,-2418243.5078783864,5385778.2796672443,2405767.7423948073,22.3055528098,114.1803375581,47.2079392588,844562.9424132303,24.0000000000,1.2199975567,0.6399354200,1.0386898943
46.0000000000,-2418243.2222594866,5385779.3062709207,2405768.1034333925,22.3055530172,114.1803309484,48.1031842427,844618.3826564169,24.0000000000,1.2200025485,0.6399221972,1.0387039038
47.0000000000,-2418244.6656099996,5385782.9834937127,2405769.1787407473,22.3055484770,114.1803291091,52.1618570955,844676.2822591161,24.0000000000,1.2200073014,0.6399089153,1.0387176689
48.0000000000,-2418244.1288830410,5385782.0218056170,2405768.5238940427,22.3055467664,114.1803281802,50.8982509617,844730.3525801416,24.0000000000,1.2200123127,0.6398957436,1.0387316692
49.0000000000,-2418244.9258707981,5385787.4748583268,2405770.4483593153,22.3055446755,114.1803135591,56.5330714490,844790.1652503015,23.0000000000,1.2744192233,0.6688846125,1.0847754292
50.0000000000,-2418245.1457332550,5385782.4563581999,2405767.0947650173,22.3055320399,114.1803354554,51.1079388829,844841.4410065808,23.0000000000,1.2258766484,0.6455097137,1.0421567859
51.0000000000,-2418245.5252453536,5385784.3839183515,2405766.9623020249,22.3055243734,114.1803311528,52.8283421770,844897.1670777381,23.0000000000,1.2250746099,0.6491252705,1.0389630325
52.0000000000,-2418245.5796810621,5385787.1989777563,2405767.4839276760,22.3055198530,114.1803204443,55.4228596287,844953.8591153589,23.0000000000,1.2250787050,0.6491150626,1.0389742388
53.0000000000,-2418245.2676368114,5385792.1195655521,2405769.1904082098,22.3055191628,114.1802981211,60.1052668924,845011.6146139624,23.0000000000,1.2407859107,0.6525212396,1.0553509881
54.0000000000,-2418240.0571400686,5385784.3028727211,2405766.7673664442,22.3055306750,114.1802830635,50.6137612686,845058.0274643188,20.0000000000,1.4953899740,0.7277971191,1.3063317067
55.0000000000,-2418239.1092115953,5385798.4240633268,2405775.1606570617,22.3055579763,114.1802185362,65.3584515024,845125.0914578718,20.0000000000,1.5792412365,0.7439357584,1.3930407282
56.0000000000,-2418246.2743280320,5385794.4821554357,2405771.6654290310,22.3055310405,114.1802976420,63.4201692687,845179.2205206406,22.0000000000,1.3550864964,0.6646066133,1.1809138251
57.0000000000,-2418256.3465422201,5385793.2567001013,2405771.8191042817,22.3055220154,114.1803916869,66.2611817354,845236.1572827018,23.0000000000,1.2420372070,0.6540863388,1.0558539127
58.0000000000,-2418255.7147522457,5385792.6568643907,2405773.1550655039,22.3055359396,114.1803884779,66.0225554286,845291.7565973385,23.0000000000,1.2420439169,0.6540680436,1.0558731391
59.0000000000,-2418255.8831100459,5385799.7241365127,2405774.3320262572,22.3055234388,114.1803618744,72.4978359826,845351.8300644514,24.0000000000,1.3054882905,0.6197817168,1.1489866405
60.0000000000,-2418241.8128237613,5385798.7766484851,2405767.0139185181,22.3054850138,114.1802410708,63.5885338727,845398.8202790457,19.0000000000,1.6608524885,0.8019589689,1.4544046207
61.0000000000,-2418247.5186678092,5385811.3330746386,2405769.8521369067,22.3054614551,114.1802416726,77.4256689241,845462.7780698147,20.0000000000,1.3869767135,0.7723060625,1.1520623896
62.0000000000,-2418248.2426382275,5385803.9877100401,2405768.0405607480,22.3054682705,114.1802772815,70.8129628692,845510.2167080330,20.0000000000,1.4932922668,0.7524179744,1.2898794463
63.0000000000,-2418250.3793945704,5385806.7230246626,2405768.7193724043,22.3054623893,114.1802853256,74.1889512623,845568.0645560182,22.0000000000,1.2664687900,0.6943797071,1.0591411702
64.0000000000,-2418246.4966991269,5385807.4920082213,2405768.4731645402,22.3054633789,114.1802478937,73.2731430745,845621.6060189739,21.0000000000,1.3656903910,0.7431162539,1.1458134565
65.0000000000,-2418247.9017290189,5385811.5501786787,2405768.5604863050,22.3054494470,114.1802442009,77.2638306813,845679.4352999168,20.0000000000,1.3807931229,0.7618162989,1.1516186760
66.0000000000,-2418254.4146024347,5385822.3510048250,2405764.2712579691,22.3053706964,114.1802589264,87.2198965391,845744.3678917848,20.0000000000,1.4095774301,0.7302761365,1.2056555461
67.0000000000,-2418256.8345805905,5385821.7864193711,2405762.6643330944,22.3053556388,114.1802825958,87.0505633922,845800.0431773312,21.0000000000,1.3784589648,0.6921699753,1.1920779517
68.0000000000,-2418260.5962549942,5385834.9783789366,2405768.8328310885,22.3053606463,114.1802634586,101.9513156498,845865.5848534089,21.0000000000,1.2803274952,0.6878746979,1.0798457737
69.0000000000,-2418260.0625377973,5385834.3322889283,2405765.5442263377,22.3053359403,114.1802613017,99.9555926844,845919.4260322255,21.0000000000,1.3812443307,0.6834310120,1.2003157722
70.0000000000,-2418265.5992298173,5385836.1942311926,2405767.1028003618,22.3053353670,114.1803029185,104.2168019190,845977.5977125560,22.0000000000,1.2677894640,0.6718124431,1.0751549499
71.0000000000,-2418266.7966259108,5385832.5586775690,2405763.2336228499,22.3053127273,114.1803279715,100.1336427284,846030.2468224249,21.0000000000,1.3787787143,0.6920938335,1.1924918736
72.0000000000,-2418268.2794481358,5385836.0555365011,2405763.4191110255,22.3053012615,114.1803271987,103.7173251407,846088.5960568057,20.0000000000,1.4663082382,0.7188199931,1.2780288208
73.0000000000,-2418274.4991787914,5385833.3605156848,2405765.3128644875,22.3053167780,114.1803929774,104.5185214179,846143.0893935909,20.0000000000,1.4663885554,0.7188074823,1.2781280056
74.0000000000,-2418276.0137221562,5385836.0874569258,2405766.3146985406,22.3053144954,114.1803955460,107.7742516538,846200.5127265342,21.0000000000,1.4506240261,0.6979710291,1.2716707544
75.0000000000,-2418277.3420024277,5385852.0969937593,2405777.0399077768,22.3053521796,114.1803436646,125.8603387242,846268.8827536317,20.0000000000,1.3754310487,0.6925117365,1.1883762302
76.0000000000,-2418283.3504670467,5385860.8825883707,2405783.0351855149,22.3053663631,114.1803619350,137.8278173627,846332.7458777189,23.0000000000,1.2482987252,0.6595425099,1.0598364897
77.0000000000,-2418281.5205575274,5385851.6275474345,2405787.9988726103,22.3054393402,114.1803825248,131.2070366377,846382.6264856110,22.0000000000,1.3014537590,0.6932266421,1.1014620781
78.0000000000,-2418276.7253336646,5385849.9285420226,2405790.1835337034,22.3054696369,114.1803468251,128.7850510580,846437.5567126164,22.0000000000,1.2702312138,0.6852599759,1.0695354608
79.0000000000,-2418282.1061772336,5385855.7975397184,2405798.4180666320,22.3055125290,114.1803711330,138.9029821940,846501.5662599578,23.0000000000,1.2472098122,0.6446842619,1.0676677939
80.0000000000,-2418284.5789312245,5385857.7421801127,2405803.3288086317,22.3055440048,114.1803852947,143.3451827783,846560.6097702306,22.0000000000,1.2563394214,0.6519465823,1.0739433857
81.0000000000,-2418285.4579427172,5385855.7497379277,2405806.3887221892,22.3055745652,114.1804009972,143.1580531867,846616.8864893960,24.0000000000,1.2201412488,0.6394657098,1.0391478591
82.0000000000,-2418286.4670620742,5385852.7623470994,2405807.2490139338,22.3055896768,114.1804218067,141.3456379771,846670.1992714261,24.0000000000,1.2201445637,0.6394529876,1.0391595801
83.0000000000,-2418287.3367852629,5385849.2473739078,2405807.7381515722,22.3056035327,114.1804434794,138.8942494225,846723.7748652209,23.0000000000,1.2267167220,0.6455769215,1.0431032329
84.0000000000,-2418293.4025400826,5385854.6953774914,2405810.0932573564,22.3055976585,114.1804755244,146.6849141810,846782.6119162641,24.0000000000,1.2201504947,0.6394273537,1.0391823176
85.0000000000,-2418296.3681106176,5385856.5336633315,2405811.1406934215,22.3055964983,114.1804944719,149.7578128809,846837.6390140005,24.0000000000,1.2201533524,0.6394145398,1.0391935574
86.0000000000,-2418298.0637929779,5385858.3256374281,2405812.3376419656,22.3055985147,114.1805023608,152.3671321655,846893.6321591465,24.0000000000,1.2201561886,0.6394017638,1.0392047484
87.0000000000,-2418295.5404530209,5385852.6698051151,2405810.3501283736,22.3056031366,114.1805025041,145.8830185132,846941.4191143927,24.0000000000,1.2201594990,0.6393891686,1.0392163846
88.0000000000,-2418296.0615530969,5385851.4266509879,2405810.8352140877,22.3056103447,114.1805120593,145.2153895721,846994.0424788768,24.0000000000,1.2201624269,0.6393764859,1.0392276253
89.0000000000,-2418298.6985775307,5385853.6173514333,2405809.3986062915,22.3055877904,114.1805266972,147.5184093593,847050.0104998546,22.0000000000,1.2764242894,0.6647741770,1.0896486866
90.0000000000,-2418296.2402916350,5385842.1070279004,2405802.0312863574,22.3055656796,114.1805506893,134.0758876735,847092.7559444517,21.0000000000,1.3774468334,0.6706635023,1.2031501342
91.0000000000,-2418298.5023723585,5385849.0042038513,2405808.9967485913,22.3055991325,114.1805432984,143.3980466574,847152.8385102502,23.0000000000,1.2483418748,0.6593376954,1.0600147357
92.0000000000,-2418297.4503862937,5385847.4786950760,2405808.6129245320,22.3056021726,114.1805400491,141.5661784904,847204.6883987441,23.0000000000,1.2483443962,0.6593241160,1.0600261513
93.0000000000,-2418294.7806454725,5385835.6331115309,2405802.0869452134,22.3055884361,114.1805635018,128.0798922749,847248.4436173127,22.0000000000,1.3507603860,0.6653426502,1.1755308495
94.0000000000,-2418300.0808192934,5385844.5962751387,2405806.9086165070,22.3055932532,114.1805747953,139.4833971430,847311.5012061892,23.0000000000,1.2483491576,0.6592968800,1.0600486985
95.0000000000,-2418313.7807662347,5385857.5915736482,2405809.5525503433,22.3055554759,114.1806444256,156.6466724137,847380.0983025080,22.0000000000,1.3775025980,0.7110022311,1.1798259341
96.0000000000,-2418315.5767745464,5385855.6198509503,2405809.0291428524,22.3055547465,114.1806681642,155.4645114467,847433.1601151282,22.0000000000,1.3775033862,0.7109946795,1.1798314052
97.0000000000,-2418304.2541885381,5385842.4804427298,2405808.1313762404,22.3056042255,114.1806201543,139.7432911070,847473.4843481439,23.0000000000,1.2483557005,0.6592561348,1.0600817439
98.0000000000,-2418304.4732045704,5385836.8363493420,2405803.9647989874,22.3055867551,114.1806445299,133.4812840763,847523.0214043524,22.0000000000,1.3506051066,0.6652871615,1.1753838296
99.0000000000,-2418305.7401309148,5385840.1142427688,2405807.9203651380,22.3056077749,114.1806427160,138.2292566877,847580.5733152974,23.0000000000,1.2483598641,0.6592290382,1.0601034975
100.0000000000,-2418310.7079447582,5385844.0305022160,2405807.8151160418,22.3055876759,114.1806711295,143.3772451775,847639.2129598057,22.0000000000,1.3775062139,0.7109652230,1.1798524573
101.0000000000,-2418328.0750213969,5385858.2308956468,2405809.4703970407,22.3055327223,114.1807684349,162.5721071614,847710.3628799818,21.0000000000,1.6414311523,0.8459296124,1.4066624751
102.0000000000,-2418310.5577095868,5385841.8813328687,2405808.3897027150,22.3055994072,114.1806783428,141.7245023195,847746.2812011932,22.0000000000,1.3775067822,0.7109504068,1.1798620487
103.0000000000,-2418309.4888057741,5385838.4001779733,2405808.8455008953,22.3056156006,114.1806827179,138.5543398792,847797.9009335341,23.0000000000,1.2483672978,0.6591749058,1.0601459115
104.0000000000,-2418311.6080032964,5385835.9091363363,2405807.8017514064,22.3056116940,114.1807113823,136.8588605514,847851.1284815692,23.0000000000,1.2483691096,0.6591613964,1.0601564448
105.0000000000,-2418316.6353549669,5385840.7485838532,2405809.8000281863,22.3056061992,114.1807366529,143.6069680229,847911.3823067010,22.0000000000,1.3775066336,0.7109279327,1.1798754172
106.0000000000,-2418315.8580132769,5385839.7791194320,2405810.4561524186,22.3056158035,114.1807336248,142.7431878904,847965.1073244138,23.0000000000,1.2483720269,0.6591343049,1.0601767238
107.0000000000,-2418318.3392252224,5385840.8514166288,2405810.6112121451,22.3056102627,114.1807513290,144.6473494321,848021.1630857809,23.0000000000,1.2483734491,0.6591207595,1.0601868198
108.0000000000,-2418317.3050282900,5385842.2301161019,2405811.0867669163,22.3056113769,114.1807366923,145.5995360380,848076.4577104199,23.0000000000,1.2483748730,0.6591072820,1.0601968753
109.0000000000,-2418313.2888699458,5385849.9850982279,2405814.4416006575,22.3056207962,114.1806703082,151.8960429672,848136.0808426817,22.0000000000,1.3059622768,0.6886681442,1.1096277103
110.0000000000,-2418311.8052968625,5385846.5259260163,2405813.8830142533,22.3056290282,114.1806709247,148.2022826364,848187.8147844840,22.0000000000,1.3059461744,0.6886585913,1.1096146877
111.0000000000,-2418309.9176503634,5385841.1753657274,2405814.7851662869,22.3056559453,114.1806754826,143.3134879591,848236.9373487442,21.0000000000,1.3146615224,0.6998224970,1.1129166147
112.0000000000,-2418308.9435163727,5385837.2939237934,2405813.5181724909,22.3056588638,114.1806822880,139.1875194041,848288.1232694767,21.0000000000,1.3146451840,0.6998074016,1.1129068067
113.0000000000,-2418305.7510870774,5385835.9150198540,2405813.9288667729,22.3056710885,114.1806595059,136.9697899781,848340.2459915434,21.0000000000,1.3925347986,0.7014911622,1.2029394476
114.0000000000,-2418308.9101424883,5385831.7919834526,2405812.9684003596,22.3056715207,114.1807038641,134.3225919716,848393.2842279443,22.0000000000,1.2578737959,0.6701037150,1.0645221921
115.0000000000,-2418303.4173892438,5385823.9833582491,2405810.3123774496,22.3056814575,114.1806862762,124.6424958063,848439.6997515672,23.0000000000,1.2363924357,0.6412303573,1.0571139408
116.0000000000,-2418299.7283556457,5385822.8242107220,2405811.5284777354,22.3057004213,114.1806582240,122.7277352670,848492.6720664892,22.0000000000,1.2939199312,0.6675466801,1.1084269115
117.0000000000,-2418294.5576234101,5385816.4672701797,2405811.6156129208,22.3057282854,114.1806377162,115.4360529324,848540.9151212958,22.0000000000,1.2939031503,0.6675312807,1.1084165967
118.0000000000,-2418293.2144974428,5385813.9665786270,2405812.5747411447,22.3057460034,114.1806357659,113.1805192195,848593.8903285043,22.0000000000,1.2938859928,0.6675157964,1.1084058931
119.0000000000,-2418291.6928961938,5385810.0195724461,2405814.9166097157,22.3057800467,114.1806379850,110.1614853963,848644.7992497768,22.0000000000,1.2482405919,0.6514086294,1.0647870083
120.0000000000,-2418285.8375206692,5385809.1538710678,2405812.1066812132,22.3057674980,114.1805895867,106.1453565257,848697.8690026543,21.0000000000,1.3145122855,0.6996871462,1.1128254338
121.0000000000,-2418285.3936175108,5385805.1330361357,2405811.0770419161,22.3057720911,114.1806016405,102.1927663023,848750.3564384591,22.0000000000,1.2578820432,0.6699725351,1.0646145015
122.0000000000,-2418283.1826298558,5385804.1212994456,2405811.7420892343,22.3057839150,114.1805860877,100.7533999840,848804.0020075069,22.0000000000,1.2517091896,0.6626454386,1.0619213332
123.0000000000,-2418282.1601316594,5385799.8322179923,2405810.4965019068,22.3057883550,114.1805940854,96.2731816443,848856.3267632661,22.0000000000,1.2517029812,0.6626281919,1.0619247772
124.0000000000,-2418281.2077232422,5385791.6149282390,2405806.9296004758,22.3057855853,114.1806183192,87.6230800021,848905.7692058791,22.0000000000,1.2516969545,0.6626109967,1.0619284029
125.0000000000,-2418282.1940380293,5385799.8217333360,2405811.6358431540,22.3057978591,114.1805944272,96.7096185395,848967.9746836676,22.0000000000,1.2516898633,0.6625935578,1.0619309257
126.0000000000,-2418282.3455454321,5385799.8753165314,2405812.4476254615,22.3058042611,114.1805955556,97.1203700975,849023.7536019136,22.0000000000,1.2516832184,0.6625762513,1.0619338917
127.0000000000,-2418280.1755479090,5385801.6183003718,2405813.8829133697,22.3058138492,114.1805694150,98.3138558129,849079.4186671763,22.0000000000,1.2516764757,0.6625589538,1.0619367366
128.0000000000,-2418279.2476397599,5385811.3082084358,2405819.6153516942,22.3058327467,114.1805226801,108.3162045721,849141.7106983726,21.0000000000,1.3080912820,0.6908325796,1.1107894260
129.0000000000,-2418287.0070642880,5385822.7729333816,2405821.9228126137,22.3058052833,114.1805458020,121.8087131092,849209.8522739767,12.0000000000,1.9003048245,0.9324801631,1.6557895915
130.0000000000,-2418278.3941810639,5385794.4146289174,2405833.2757628052,22.3060008966,114.1805822803,98.9195060637,849241.2428682591,9.0000000000,1.9204365936,1.1249234227,1.5564780767
131.0000000000,-2418273.0400252566,5385798.6323813312,2405815.6042772951,22.3058475850,114.1805181113,93.7430020478,849295.7647347497,19.0000000000,1.4890723708,0.7103952543,1.3086921365
132.0000000000,-2418274.6080102883,5385799.4674919546,2405817.6868331148,22.3058601716,114.1805286735,95.8324742252,849350.9239576636,20.0000000000,1.4659257804,0.7052090203,1.2851531548
133.0000000000,-2418272.6115976633,5385787.0405532941,2405812.8313879045,22.3058612650,114.1805603988,82.7447380023,849393.1196253323,21.0000000000,1.3571880290,0.6700640128,1.1802430109
134.0000000000,-2418269.2953570951,5385786.2962956121,2405809.7667742837,22.3058426439,114.1805339974,79.6966812275,849444.0212696012,21.0000000000,1.3571442687,0.6700479325,1.1802018193
135.0000000000,-2418268.6251219492,5385803.8840003069,2405817.8328798800,22.3058559820,114.1804581480,97.3481374541,849512.4624664058,20.0000000000,1.4656546707,0.7051777719,1.2848610524
136.0000000000,-2418268.4993937002,5385806.1618869221,2405819.5693437913,22.3058635438,114.1804479797,99.8820955316,849568.2619008536,20.0000000000,1.4655640038,0.7051673834,1.2847633287
137.0000000000,-2418265.7804299886,5385804.7313239025,2405818.7423307532,22.3058649247,114.1804295945,97.3304315284,849619.6852140084,20.0000000000,1.4654736157,0.7051570632,1.2846658844
138.0000000000,-2418248.3723093127,5385762.4688055618,2405797.6938231410,22.3058456562,114.1804434773,47.0750455353,849634.9444546304,19.0000000000,1.9189166963,0.7183445298,1.7793882162
139.0000000000,-2418262.5756547879,5385796.5837558694,2405818.9703042693,22.3058968045,114.1804336099,89.3259580471,849719.3186177602,21.0000000000,1.4313179021,0.6747404167,1.2622980262
140.0000000000,-2418260.5071928776,5385795.3229871225,2405816.5599708380,22.3058835130,114.1804203089,86.5631634239,849770.9542054777,21.0000000000,1.4504853352,0.7156958611,1.2616208393
141.0000000000,-2418261.7438476044,5385797.5299479263,2405815.5958254626,22.3058668209,114.1804224843,88.5285313474,849825.4349059265,21.0000000000,1.4503953832,0.7156850598,1.2615235482
142.0000000000,-2418260.7971640346,5385799.4717921251,2405815.5384486094,22.3058615988,114.1804063836,89.7869081786,849879.9329441978,21.0000000000,1.4503053992,0.7156742054,1.2614262494
143.0000000000,-2418258.9698010329,5385800.2122589117,2405814.6539949509,22.3058544597,114.1803872617,89.3836669456,849931.7438765315,21.0000000000,1.4502154565,0.7156633735,1.2613289840
144.0000000000,-2418255.8874438694,5385791.9195844885,2405809.9300449579,22.3058452493,114.1803929377,79.4236078504,849975.6165634090,22.0000000000,1.4372480276,0.6937463435,1.2587286856
145.0000000000,-2418252.6459615431,5385786.6824219879,2405805.8606404029,22.3058321768,114.1803850585,72.2305223998,850021.1891257192,22.0000000000,1.4371650090,0.6937330550,1.2586412163
146.0000000000,-2418247.8826884460,5385786.4079985442,2405803.5778054865,22.3058206497,114.1803439781,69.3273705421,850070.5887235991,23.0000000000,1.4035273066,0.6494865476,1.2442090359
147.0000000000,-2418244.3925386132,5385784.5118696392,2405801.1952017262,22.3058115725,114.1803206159,65.5001005540,850119.4261427752,23.0000000000,1.4034450797,0.6494803338,1.2441195231
148.0000000000,-2418240.7983248290,5385782.7764140861,2405798.4107642737,22.3057987816,114.1802956936,61.6164877163,850169.2986650397,23.0000000000,1.4033627588,0.6494741197,1.2440299034
149.0000000000,-2418240.7250645803,5385786.7186931148,2405799.5433745338,22.3057960204,114.1802793735,65.3458819063,850224.2574147313,23.0000000000,1.4032798040,0.6494678142,1.2439396154
150.0000000000,-2418239.0656128023,5385789.1911939494,2405798.8318542051,22.3057846746,114.1802548529,66.5337471236,850276.8833290871,23.0000000000,1.4031969264,0.6494615252,1.2438494047
151.0000000000,-2418237.1442751624,5385789.5990994163,2405797.3708446231,22.3057738902,114.1802362209,65.5953866858,850327.6043883783,23.0000000000,1.4031141221,0.6494553035,1.2437592405
152.0000000000,-2418235.5521128965,5385788.1794207394,2405795.4361892203,22.3057644009,114.1802277684,63.0595205724,850377.1052849489,23.0000000000,1.4030313576,0.6494491558,1.2436690815
153.0000000000,-2418234.8770853006,5385789.3255806798,2405794.8783850609,22.3057571045,114.1802172358,63.5593566885,850428.9415284070,23.0000000000,1.4029482773,0.6494429543,1.2435785934
154.0000000000,-2418232.4226432056,5385777.1105441321,2405786.6792872641,22.3057302426,114.1802440631,49.2077951059,850469.2545415125,22.0000000000,1.6330254513,0.6625776349,1.4925692622
155.0000000000,-2418235.4078019219,5385779.5327085508,2405788.6774214371,22.3057351720,114.1802608634,53.1417381335,850523.4161249502,23.0000000000,1.3555479446,0.6440305232,1.1927845217
156.0000000000,-2418234.1956241750,5385777.0469373493,2405787.6427041781,22.3057360015,114.1802600129,50.1916606640,850572.3839561830,24.0000000000,1.2991259237,0.6151959613,1.1442299135
157.0000000000,-2418233.3078198209,5385773.5096103959,2405784.5351003101,22.3057223450,114.1802662145,45.6902345326,850620.7145564703,24.0000000000,1.2990925709,0.6151873060,1.1441966991
158.0000000000,-2418230.6214894424,5385770.5973574501,2405781.7208529860,22.3057117100,114.1802540081,41.1461465079,850668.5832111398,23.0000000000,1.3200324252,0.6454280597,1.1514808828
159.0000000000,-2418231.7586216894,5385767.2478716355,2405779.4429645594,22.3057015554,114.1802773906,37.8855428807,850717.4505826004,23.0000000000,1.3199966204,0.6454188884,1.1514449776
160.0000000000,-2418236.0562013048,5385764.6829650132,2405779.1432726830,22.3057010379,114.1803256353,37.2356256694,850768.3017923266,24.0000000000,1.2989917275,0.6151613741,1.1440961462
161.0000000000,-2418237.2391086733,5385759.1858622395,2405778.0299923997,22.3057072643,114.1803579605,32.6218125513,850815.4892609747,24.0000000000,1.2989580911,0.6151528079,1.1440625619
162.0000000000,-2418237.5424762508,5385757.7342543704,2405776.1701948945,22.3056958390,114.1803664169,30.8057399234,850865.7731388476,23.0000000000,1.3270237823,0.6359395248,1.1647201550
163.0000000000,-2418242.1431367612,5385756.2544050217,2405778.1807934698,22.3057108052,114.1804130315,32.0633380059,850918.1703168045,23.0000000000,1.3269890793,0.6359294410,1.1646861219
164.0000000000,-2418241.2723569223,5385754.5008586887,2405776.1591242580,22.3057006201,114.1804122929,29.4860367365,850967.9321456236,23.0000000000,1.3269544940,0.6359193109,1.1646522482
165.0000000000,-2418248.1225928515,5385759.0260961177,2405777.7991757165,22.3056905555,114.1804549521,36.5237770565,851026.1918836902,23.0000000000,1.3197789969,0.6453639234,1.1512263058
166.0000000000,-2418248.2188613517,5385763.6107239788,2405775.4647017564,22.3056565810,114.1804375793,39.5436291508,851081.2658272061,23.0000000000,1.3268840115,0.6358987790,1.1645831541
167.0000000000,-2418247.2553901197,5385765.3067932529,2405775.9086194383,22.3056563392,114.1804223069,40.7784774033,851134.1258424449,23.0000000000,1.3268489120,0.6358886163,1.1645487121
168.0000000000,-2418246.6525440798,5385766.3537495267,2405775.5886901771,22.3056512390,114.1804128077,41.3122227378,851186.1834286938,23.0000000000,1.3268137690,0.6358784661,1.1645142138
169.0000000000,-2418242.5212532934,5385761.2489005653,2405771.8607396856,22.3056418546,114.1803965247,34.0232097311,851232.3566734552,23.0000000000,1.3267790603,0.6358684373,1.1644801438
170.0000000000,-2418239.4773415136,5385757.5022731628,2405768.8337556021,22.3056325531,114.1803844693,28.5586573416,851280.1367127600,23.0000000000,1.3267441427,0.6358583895,1.1644458462
171.0000000000,-2418236.2665189952,5385752.0404728567,2405766.8400038783,22.3056374814,114.1803777545,21.9754102221,851326.6863337382,24.0000000000,1.2986146713,0.6150666690,1.1437189590
172.0000000000,-2418239.1247598040,5385764.5318841105,2405774.6270909649,22.3056594703,114.1803534032,36.5568666635,851390.5666080187,25.0000000000,1.1986754185,0.6072719657,1.0334619096
173.0000000000,-2418236.5270256614,5385758.2670981130,2405772.3386967988,22.3056635870,114.1803553084,29.4164067991,851438.0244131853,23.0000000000,1.3233697181,0.6199220754,1.1691894762
174.0000000000,-2418239.1205208660,5385755.4182247836,2405769.6161575336,22.3056461073,114.1803895949,26.9614619948,851487.3633620028,23.0000000000,1.3081705671,0.6224928297,1.1505706887
175.0000000000,-2418239.1372932848,5385756.0258687232,2405770.5482645785,22.3056519714,114.1803873278,27.8344471529,851540.8360303047,22.0000000000,1.3365586532,0.6288379724,1.1793862124
176.0000000000,-2418239.0517130056,5385763.4684909275,2405774.8738261778,22.3056649593,114.1803569838,35.7253307011,851599.7834323103,23.0000000000,1.3232627922,0.6199003010,1.1690799947
177.0000000000,-2418235.8085347465,5385757.4097878095,2405773.1568947318,22.3056741123,114.1803523553,28.7311043190,851648.0184571799,23.0000000000,1.3232276084,0.6198932277,1.1690439213
178.0000000000,-2418234.8437791574,5385756.6325327298,2405772.7094881027,22.3056741590,114.1803469036,27.5396865774,851699.1787643848,23.0000000000,1.3231919387,0.6198860507,1.1690073528
179.0000000000,-2418235.6937701399,5385759.7272803085,2405771.2160360115,22.3056508115,114.1803421266,29.9069244200,851751.5194574663,23.0000000000,1.3231559191,0.6198787789,1.1689704384
180.0000000000,-2418243.1081299204,5385770.2522860533,2405774.2442677617,22.3056327929,114.1803659298,42.7491148505,851813.9901534281,23.0000000000,1.3263856793,0.6357574962,1.1640925119
181.0000000000,-2418244.8902301867,5385769.3807762023,2405772.6086366856,22.3056193505,114.1803851720,42.0681086835,851866.8493142409,23.0000000000,1.3263494887,0.6357474691,1.1640567519
182.0000000000,-2418248.2503636829,5385770.7862133812,2405773.8613400371,22.3056207047,114.1804093338,45.0031135492,851920.9136467176,24.0000000000,1.2982253876,0.6149725476,1.1433275658
183.0000000000,-2418250.0987783419,5385772.6094260868,2405774.4101016056,22.3056169936,114.1804184509,47.4506593691,851974.9381071985,24.0000000000,1.2981894937,0.6149640433,1.1432913833
184.0000000000,-2418251.3436072874,5385774.3580132164,2405775.4309074995,22.3056183071,114.1804225208,49.7856488870,852028.7737353833,24.0000000000,1.2981535314,0.6149555547,1.1432551145
185.0000000000,-2418253.6400701208,5385778.4253763352,2405777.8535802918,22.3056226062,114.1804266836,55.0082833283,852084.9858888872,24.0000000000,1.2981173000,0.6149470333,1.1432185578
186.0000000000,-2418256.1215855400,5385784.7464205073,2405777.8386307848,22.3055992329,114.1804235257,61.2779561374,852142.9383922426,23.0000000000,1.3261657369,0.6356971203,1.1638748785
187.0000000000,-2418255.4614858022,5385780.5072264886,2405778.6191798351,22.3056199360,114.1804345334,57.7461874746,852191.8889468343,24.0000000000,1.2980450983,0.6149301265,1.1431456673
188.0000000000,-2418256.8534938586,5385781.9926634058,2405778.7874058955,22.3056147425,114.1804409525,59.5912600765,852245.7204344013,24.0000000000,1.2980088424,0.6149216754,1.1431090447
189.0000000000,-2418257.7015996710,5385782.9350819122,2405778.6934031760,22.3056098197,114.1804447148,60.6723803068,852299.0509501594,24.0000000000,1.2979725569,0.6149132448,1.1430723773
190.0000000000,-2418259.1243020445,5385783.8264087336,2405778.7793538286,22.3056057534,114.1804537673,61.9964300748,852352.6642897959,24.0000000000,1.2979361782,0.6149048247,1.1430355984
191.0000000000,-2418259.5732293245,5385787.0301623205,2405777.5953214988,22.3055852134,114.1804450061,64.4211223982,852408.1963948652,22.0000000000,1.3517315359,0.6407058324,1.1902412283
192.0000000000,-2418257.7779541165,5385782.7796106413,2405779.0161017920,22.3056128947,114.1804460088,60.6925774962,852456.7468624614,24.0000000000,1.2978634533,0.6148880831,1.1429620242
193.0000000000,-2418256.0814856212,5385782.2271090187,2405779.4335623728,22.3056204918,114.1804331856,59.7418170506,852508.6014479827,24.0000000000,1.2978269926,0.6148797315,1.1429251151
194.0000000000,-2418255.3636941728,5385783.5626180042,2405779.9892678163,22.3056219665,114.1804215217,60.8078850554,852562.2576576616,24.0000000000,1.2977903113,0.6148713478,1.1428879725
195.0000000000,-2418254.6163995215,5385785.0242019016,2405780.8738055089,22.3056258358,114.1804090954,62.0939869964,852616.1694871369,24.0000000000,1.2977535380,0.6148629733,1.1428507206
196.0000000000,-2418253.9910369860,5385785.0386844091,2405781.3548766994,22.3056306877,114.1804035013,62.0518114083,852668.9457058401,24.0000000000,1.2977167772,0.6148546362,1.1428134625
197.0000000000,-2418253.2348011844,5385786.9275594605,2405782.4788277056,22.3056352337,114.1803892972,63.7860270096,852723.2274269065,24.0000000000,1.2976798150,0.6148462733,1.1427759897
198.0000000000,-2418253.0240206029,5385784.8918217737,2405781.4741938389,22.3056335014,114.1803955237,61.6066848235,852774.4719328092,24.0000000000,1.2976430338,0.6148379880,1.1427386804
199.0000000000,-2418252.9745780840,5385783.9216786725,2405780.9547299938,22.3056322643,114.1803989425,60.5719881393,852826.7524160007,24.0000000000,1.2976060964,0.6148296925,1.1427011992
200.0000000000,-2418253.5393318357,5385783.8164018793,2405780.7356958371,22.3056299706,114.1804043610,60.6140204966,852880.0438833941,24.0000000000,1.2975690073,0.6148213887,1.1426635500
201.0000000000,-2418254.0190892587,5385783.8731643530,2405780.8148329156,22.3056297807,114.1804083829,60.8737734575,852933.5559046527,24.0000000000,1.2975318260,0.6148130932,1.1426257917
202.0000000000,-2418254.7573376400,5385784.5242408905,2405780.8649672871,22.3056271273,114.1804123307,61.7220764169,852987.4841219019,24.0000000000,1.2974945232,0.6148047938,1.1425878974
203.0000000000,-2418241.0014665802,5385768.5074257338,2405778.3709729202,22.3056756842,114.1803542148,42.0443949448,853024.3299259965,23.0000000000,1.3892142974,0.6434001886,1.2312402533
204.0000000000,-2418241.1945857545,5385768.5058739390,2405778.2167483931,22.3056741294,114.1803559307,42.0577340983,853077.4687068610,23.0000000000,1.3891593041,0.6433961217,1.2311803291
205.0000000000,-2418241.2810885306,5385768.6596125085,2405778.0795505592,22.3056723810,114.1803560854,42.1681971205,853130.6929043150,23.0000000000,1.3891042068,0.6433920656,1.2311202814
206.0000000000,-2418241.3873328492,5385768.9248995585,2405777.9724162822,22.3056705073,114.1803559715,42.3916986659,853184.0582705035,23.0000000000,1.3890490046,0.6433880185,1.2310601102
207.0000000000,-2418241.3372391523,5385768.6783350157,2405777.8444568156,22.3056702795,114.1803565081,42.1160484245,853237.1061321209,23.0000000000,1.3889937452,0.6433839959,1.2309998611
208.0000000000,-2418241.5783991744,5385769.1054985533,2405777.7459664615,22.3056677824,114.1803569451,42.5305818729,853290.9011919420,23.0000000000,1.3889383354,0.6433799648,1.2309394463
209.0000000000,-2418241.5038497415,5385768.9684829684,2405777.5783804525,22.3056669153,114.1803568298,42.3230828382,853344.2425211653,23.0000000000,1.3888828773,0.6433759618,1.2308789618
210.0000000000,-2418241.4065461108,5385768.8501573065,2405777.5184627972,22.3056669213,114.1803564387,42.1636004047,853397.6280182889,23.0000000000,1.3888273209,0.6433719724,1.2308183588
211.0000000000,-2418241.5672497698,5385769.2123695072,2405777.4153624373,22.3056647017,114.1803564216,42.4910755968,853451.5315353293,23.0000000000,1.3887716293,0.6433679776,1.2307576056
212.0000000000,-2418241.6789951432,5385769.2847990422,2405777.2901665508,22.3056632724,114.1803571230,42.5470352219,853505.2491770457,23.0000000000,1.3887158627,0.6433640003,1.2306967581
213.0000000000,-2418238.0880419854,5385765.1757197073,2405776.6506407280,22.3056758191,114.1803416653,37.4754218580,853554.6548656311,24.0000000000,1.2970812392,0.6147147169,1.1421670447
214.0000000000,-2418238.3007860901,5385765.0913337497,2405776.5908272401,22.3056752845,114.1803438842,37.4621196538,853608.1320712914,24.0000000000,1.2970430440,0.6147065480,1.1421280654
215.0000000000,-2418238.0200699437,5385764.7581408750,2405776.4343076004,22.3056754127,114.1803427235,37.0151186483,853661.3960103355,24.0000000000,1.2970047981,0.6146983943,1.1420890203
216.0000000000,-2418238.2010526555,5385764.8499035602,2405776.2786300150,22.3056735711,114.1803439610,37.1020642836,853715.3759516769,24.0000000000,1.2969664361,0.6146902401,1.1420498436
217.0000000000,-2418238.9516216451,5385765.6406925851,2405776.3217957728,22.3056704053,114.1803474625,38.0703077754,853769.9076470700,24.0000000000,1.2969279358,0.6146820806,1.1420105124
218.0000000000,-2418239.0394409266,5385765.5679691928,2405776.2036636318,22.3056695224,114.1803485291,37.9973725677,853823.5131365297,24.0000000000,1.2968894275,0.6146739495,1.1419711568
219.0000000000,-2418241.7864173995,5385773.8662643246,2405781.4784269691,22.3056837884,114.1803398616,48.0441370737,853884.9911402945,25.0000000000,1.1985640931,0.6067696318,1.0336278340
220.0000000000,-2418241.8791221399,5385774.1102786176,2405781.5540524293,22.3056835271,114.1803397123,48.3139195368,853939.1086910715,25.0000000000,1.1985604208,0.6067591399,1.0336297348
221.0000000000,-2418241.7690965538,5385774.1489426093,2405781.8314234102,22.3056858781,114.1803385845,48.4101321949,853993.0349561339,25.0000000000,1.1985567077,0.6067486667,1.0336315770
222.0000000000,-2418242.0672915340,5385773.8641819060,2405781.7050929465,22.3056852943,114.1803423566,48.2348501217,854046.9045707826,25.0000000000,1.1985529524,0.6067381974,1.0336333681
223.0000000000,-2418241.9701110534,5385773.2116187895,2405781.1327943313,22.3056826898,114.1803440903,47.4300458226,854100.4447122321,25.0000000000,1.1985491756,0.6067277407,1.0336351267
224.0000000000,-2418241.5069820806,5385771.8340235064,2405780.4760179669,22.3056821602,114.1803454663,45.8425726173,854153.4468331868,25.0000000000,1.1985453921,0.6067173110,1.0336368615
